OID_,timestamp,heading,speedmph,vehicleid,latitude,longitude
1,1:57:10 AM,52.70363,8,10124,41.768897,-88.154716
2,1:57:10 AM,238.365284,8,20224,41.769741,-88.153176
3,1:57:10 AM,92.41808,10,30324,41.769217,-88.152472
4,1:57:10 AM,91.96888,9,40424,41.769204,-88.151759
5,1:57:10 AM,274.673851,8,50524,41.768702,-88.152184
6,1:57:10 AM,264.783064,9,60624,39.10575,-94.710068
7,1:57:10 AM,348.490297,8,70724,39.10596,-94.709928
8,1:57:10 AM,199.969095,8,80824,39.124126,-94.62659
9,1:57:10 AM,348.717496,10,90924,39.124163,-94.626542
10,1:57:20 AM,52.70363,9,10124,41.769059,-88.15443
11,1:57:20 AM,204.543024,9,20224,41.769592,-88.153446
12,1:57:20 AM,92.41808,10,30324,41.769206,-88.152113
13,1:57:20 AM,181.986768,8,40424,41.769057,-88.151598
14,1:57:20 AM,241.022562,8,50524,41.768721,-88.152541
15,1:57:20 AM,263.897853,9,60624,39.105725,-94.710426
16,1:57:20 AM,343.981395,8,70724,39.10595,-94.709959
17,1:57:20 AM,0.503357,8,80824,39.124068,-94.626715
18,1:57:20 AM,75.790202,11,90924,39.124329,-94.626358
19,1:57:30 AM,52.70363,8,10124,41.769221,-88.154144
20,1:57:30 AM,196.823446,8,20224,41.769429,-88.153667
21,1:57:30 AM,273.045599,11,30324,41.769094,-88.151959
22,1:57:30 AM,91.96888,9,40424,41.769201,-88.151659
23,1:57:30 AM,207.921786,8,50524,41.76855,-88.152799
24,1:57:30 AM,263.897853,10,60624,39.105695,-94.710783
25,1:57:30 AM,250.672377,8,70724,39.105847,-94.710098
26,1:57:30 AM,1.429193,8,80824,39.124347,-94.626708
27,1:57:30 AM,82.704682,12,90924,39.124384,-94.626007
28,1:57:40 AM,49.256077,7,10124,41.769394,-88.153869
29,1:57:40 AM,232.151127,7,20224,41.769246,-88.153857
30,1:57:40 AM,273.045599,12,30324,41.769108,-88.152318
31,1:57:40 AM,355.734634,11,40424,41.769086,-88.151793
32,1:57:40 AM,316.552773,9,50524,41.768433,-88.152621
33,1:57:40 AM,265.161398,11,60624,39.105669,-94.711141
34,1:57:40 AM,268.249848,9,70724,39.105843,-94.710457
35,1:57:40 AM,359.789721,9,80824,39.124626,-94.626704
36,1:57:40 AM,111.245377,8,90924,39.124329,-94.625665
37,1:57:50 AM,48.801319,8,10124,41.769566,-88.153594
38,1:57:50 AM,6.54553,8,20224,41.76914,-88.154156
39,1:57:50 AM,92.929558,8,30324,41.769004,-88.152429
40,1:57:50 AM,355.734634,8,40424,41.769127,-88.151797
41,1:57:50 AM,137.068029,10,50524,41.76854,-88.15268
42,1:57:50 AM,262.862751,10,60624,39.105641,-94.711499
43,1:57:50 AM,263.545613,9,70724,39.105833,-94.710816
44,1:57:50 AM,359.789721,9,80824,39.124904,-94.626706
45,1:57:50 AM,111.245377,9,90924,39.124228,-94.62533
46,1:58:00 AM,61.197186,9,10124,41.769732,-88.153313
47,1:58:00 AM,202.324423,9,20224,41.76914,-88.154059
48,1:58:00 AM,92.929558,9,30324,41.768991,-88.15207
49,1:58:00 AM,315.235646,10,50524,41.768611,-88.152691
50,1:58:00 AM,262.862751,13,60624,39.105607,-94.711855
51,1:58:00 AM,263.545613,10,70724,39.105801,-94.711173
52,1:58:00 AM,358.182966,10,80824,39.125183,-94.626712
53,1:58:00 AM,113.427048,8,90924,39.124122,-94.624998
54,1:58:10 AM,72.879966,9,10124,41.769824,-88.152978
55,1:58:10 AM,226.348189,9,20224,41.769007,-88.154341
56,1:58:10 AM,272.974803,8,30324,41.768908,-88.152037
57,1:58:10 AM,103.38017,9,50524,41.768506,-88.152462
58,1:58:10 AM,260.978139,12,60624,39.105568,-94.712211
59,1:58:10 AM,264.872723,11,70724,39.105776,-94.711531
60,1:58:10 AM,80.998303,11,80824,39.125412,-94.626618
61,1:58:10 AM,113.427048,7,90924,39.124011,-94.624668
62,1:58:20 AM,94.869129,9,10124,41.76985,-88.152625
63,1:58:20 AM,63.544694,9,20224,41.768863,-88.154523
64,1:58:20 AM,272.974803,7,30324,41.768922,-88.152395
65,1:58:20 AM,59.075738,8,50524,41.768673,-88.152565
66,1:58:20 AM,258.942961,11,60624,39.105522,-94.712565
67,1:58:20 AM,260.12117,10,70724,39.105744,-94.711887
68,1:58:20 AM,92.298849,10,80824,39.125399,-94.626259
69,1:58:20 AM,113.427048,8,90924,39.1239,-94.624338
70,1:58:30 AM,78.390699,8,10124,41.769853,-88.152269
71,1:58:30 AM,63.544694,8,20224,41.768982,-88.154201
72,1:58:30 AM,90.640212,8,30324,41.768825,-88.152351
73,1:58:30 AM,143.975576,9,50524,41.768502,-88.152342
74,1:58:30 AM,260.429775,14,60624,39.10547,-94.712918
75,1:58:30 AM,260.12117,10,70724,39.105696,-94.712241
76,1:58:30 AM,92.298849,10,80824,39.125388,-94.6259
77,1:58:30 AM,113.427048,9,90924,39.123789,-94.624009
78,1:58:40 AM,272.698753,10,10124,41.769884,-88.152584
79,1:58:40 AM,161.17317,10,20224,41.769097,-88.153882
80,1:58:40 AM,90.640212,9,30324,41.768822,-88.151992
81,1:58:40 AM,324.214402,9,50524,41.768643,-88.152424
82,1:58:40 AM,260.429775,8,60624,39.105423,-94.713273
83,1:58:40 AM,260.12117,7,70724,39.105648,-94.712595
84,1:58:40 AM,106.046339,7,80824,39.125359,-94.625543
85,1:58:40 AM,113.427048,9,90924,39.123679,-94.623679
86,1:58:50 AM,258.377023,12,10124,41.769869,-88.152942
87,1:58:50 AM,244.622504,12,20224,41.76895,-88.154105
88,1:58:50 AM,90.640212,9,30324,41.768822,-88.151974
89,1:58:50 AM,144.008509,8,50524,41.768555,-88.152273
90,1:58:50 AM,260.429775,8,60624,39.105377,-94.713627
91,1:58:50 AM,259.047172,7,70724,39.1056,-94.712949
92,1:58:50 AM,106.046339,7,80824,39.125282,-94.625198
93,1:58:50 AM,125.978367,9,90924,39.123521,-94.623384
94,1:59:00 AM,243.561394,8,10124,41.769789,-88.153282
95,1:59:00 AM,65.843078,8,20224,41.768802,-88.154309
96,1:59:00 AM,323.938189,8,50524,41.768584,-88.152247
97,1:59:00 AM,91.537778,8,60624,39.10535,-94.713886
98,1:59:00 AM,259.047172,6,70724,39.105547,-94.713302
99,1:59:00 AM,117.116813,6,80824,39.12516,-94.624875
100,1:59:00 AM,111.49727,8,90924,39.123389,-94.623071
101,1:59:10 AM,228.562638,8,10124,41.769635,-88.153575
102,1:59:10 AM,65.843078,8,20224,41.768912,-88.153981
103,1:59:10 AM,142.099043,12,50524,41.768599,-88.152187
104,1:59:10 AM,90.309902,9,60624,39.105343,-94.713527
105,1:59:10 AM,39.166878,5,70724,39.105495,-94.713652
106,1:59:10 AM,127.101616,5,80824,39.125011,-94.624574
107,1:59:10 AM,111.49727,9,90924,39.123287,-94.622736
108,1:59:20 AM,228.562638,8,10124,41.769458,-88.153844
109,1:59:20 AM,242.909865,8,20224,41.768875,-88.153948
110,1:59:20 AM,142.099043,8,50524,41.768524,-88.152108
111,1:59:20 AM,90.309902,9,60624,39.105341,-94.713168
112,1:59:20 AM,81.247541,5,70724,39.105588,-94.713334
113,1:59:20 AM,131.376912,5,80824,39.124835,-94.624295
114,1:59:20 AM,116.950664,11,90924,39.123166,-94.622413
115,1:59:30 AM,230.788953,8,10124,41.769287,-88.15412
116,1:59:30 AM,135.46571,8,20224,41.768741,-88.154172
117,1:59:30 AM,89.927661,10,60624,39.105341,-94.712808
118,1:59:30 AM,80.498625,4,70724,39.105633,-94.712979
119,1:59:30 AM,130.432548,4,80824,39.124653,-94.624023
120,1:59:30 AM,125.428989,8,90924,39.123028,-94.622101
121,1:59:40 AM,229.857999,9,10124,41.769115,-88.154396
122,1:59:40 AM,18.815294,9,20224,41.768833,-88.153943
123,1:59:40 AM,88.137741,11,60624,39.105344,-94.712449
124,1:59:40 AM,80.498625,12,70724,39.105679,-94.712625
125,1:59:40 AM,122.541141,12,80824,39.124484,-94.623739
126,1:59:40 AM,126.814036,8,90924,39.122866,-94.621809
127,1:59:50 AM,232.483239,10,10124,41.768945,-88.154674
128,1:59:50 AM,31.215531,10,20224,41.768998,-88.153704
129,1:59:50 AM,88.137741,10,60624,39.105353,-94.71209
130,1:59:50 AM,80.498625,10,70724,39.105725,-94.71227
131,1:59:50 AM,117.545325,10,80824,39.124344,-94.623428
132,1:59:50 AM,307.734919,8,90924,39.122843,-94.621926
133,2:00:00 AM,54.621823,10,10124,41.769066,-88.154524
134,2:00:00 AM,50.077476,10,20224,41.769191,-88.153461
135,2:00:00 AM,88.137741,10,60624,39.105362,-94.711731
136,2:00:00 AM,76.009045,10,70724,39.105789,-94.711921
137,2:00:00 AM,110.045396,10,80824,39.124232,-94.6231
138,2:00:00 AM,301.149853,8,90924,39.123008,-94.622216
139,2:00:10 AM,50.449793,9,10124,41.769235,-88.154246
140,2:00:10 AM,45.463094,9,20224,41.769371,-88.153195
141,2:00:10 AM,86.923349,7,60624,39.105376,-94.711372
142,2:00:10 AM,85.768637,10,70724,39.10583,-94.711567
143,2:00:10 AM,103.560977,10,80824,39.124152,-94.622756
144,2:00:10 AM,290.845568,9,90924,39.123134,-94.622534
145,2:00:20 AM,50.097937,8,10124,41.769407,-88.15397
146,2:00:20 AM,247.01708,8,20224,41.769546,-88.153187
147,2:00:20 AM,86.923349,7,60624,39.105391,-94.711013
148,2:00:20 AM,85.768637,11,70724,39.10585,-94.711208
149,2:00:20 AM,93.392255,11,80824,39.124114,-94.622402
150,2:00:20 AM,295.130632,10,90924,39.123237,-94.622868
151,2:00:30 AM,49.313088,9,10124,41.769579,-88.153694
152,2:00:30 AM,63.196046,9,20224,41.769572,-88.153286
153,2:00:30 AM,86.923349,6,60624,39.105406,-94.710654
154,2:00:30 AM,82.745281,9,70724,39.105885,-94.710852
155,2:00:30 AM,90.446472,9,80824,39.124106,-94.622043
156,2:00:30 AM,295.130632,10,90924,39.123356,-94.623193
157,2:00:40 AM,55.82818,9,10124,41.769751,-88.153419
158,2:00:40 AM,235.84409,9,20224,41.76961,-88.153322
159,2:00:40 AM,350.198683,5,60624,39.105457,-94.710354
160,2:00:40 AM,82.745281,12,70724,39.105921,-94.710495
161,2:00:40 AM,89.69006,8,80824,39.124107,-94.621683
162,2:00:40 AM,298.882751,9,90924,39.123487,-94.62351
163,2:00:50 AM,69.768642,8,10124,41.769859,-88.153092
164,2:00:50 AM,214.545851,8,20224,41.769417,-88.153562
165,2:00:50 AM,229.844574,5,60624,39.105497,-94.710627
166,2:00:50 AM,97.42171,8,70724,39.105923,-94.710139
167,2:00:50 AM,180.368105,7,80824,39.123911,-94.621523
168,2:00:50 AM,298.882751,8,90924,39.123622,-94.623825
169,2:01:00 AM,87.261347,8,10124,41.769896,-88.15274
170,2:01:00 AM,145.454402,8,20224,41.769233,-88.153742
171,2:01:00 AM,266.790234,4,60624,39.105457,-94.710976
172,2:01:00 AM,300.40497,9,70724,39.105888,-94.710444
173,2:01:00 AM,173.853656,8,80824,39.123984,-94.621569
174,2:01:00 AM,295.587356,9,90924,39.123742,-94.624149
175,2:01:10 AM,95.492109,12,10124,41.769892,-88.152381
176,2:01:10 AM,47.4374,12,20224,41.769361,-88.153485
177,2:01:10 AM,266.790234,12,60624,39.105442,-94.711335
178,2:01:10 AM,268.027682,9,70724,39.105932,-94.710785
179,2:01:10 AM,180.132992,9,80824,39.123761,-94.621522
180,2:01:10 AM,295.587356,9,90924,39.123863,-94.624473
181,2:01:20 AM,87.806322,8,10124,41.769877,-88.152023
182,2:01:20 AM,233.25601,8,20224,41.769206,-88.153562
183,2:01:20 AM,266.246416,10,60624,39.105425,-94.711693
184,2:01:20 AM,268.416969,10,70724,39.10588,-94.711136
185,2:01:20 AM,180.132992,9,80824,39.123483,-94.621522
186,2:01:20 AM,290.532415,8,90924,39.123974,-94.624802
187,2:01:30 AM,91.259128,9,10124,41.769877,-88.151664
188,2:01:30 AM,52.387602,9,20224,41.769152,-88.153569
189,2:01:30 AM,266.33172,10,60624,39.105406,-94.712052
190,2:01:30 AM,265.604548,11,70724,39.105872,-94.711495
191,2:01:30 AM,180.132992,9,80824,39.123204,-94.621523
192,2:01:30 AM,290.532415,8,90924,39.124072,-94.625138
193,2:01:40 AM,273.899871,9,10124,41.769713,-88.15149
194,2:01:40 AM,207.09274,9,20224,41.769145,-88.153474
195,2:01:40 AM,266.33172,10,60624,39.105389,-94.712411
196,2:01:40 AM,285.125701,10,70724,39.105877,-94.711852
197,2:01:40 AM,355.505814,8,80824,39.122964,-94.621544
198,2:01:40 AM,290.532415,12,90924,39.12417,-94.625475
199,2:01:50 AM,269.457091,10,10124,41.769833,-88.151718
200,2:01:50 AM,40.865299,10,20224,41.769027,-88.153529
201,2:01:50 AM,273.460211,11,60624,39.105378,-94.712769
202,2:01:50 AM,284.740299,13,70724,39.105949,-94.712199
203,2:01:50 AM,173.437574,8,80824,39.122889,-94.621541
204,2:01:50 AM,290.532415,8,90924,39.124268,-94.625811
205,2:02:00 AM,268.365894,11,10124,41.769829,-88.152078
206,2:02:00 AM,49.84331,11,20224,41.769208,-88.153266
207,2:02:00 AM,79.547999,9,60624,39.105404,-94.712921
208,2:02:00 AM,263.677155,12,70724,39.105946,-94.712553
209,2:02:00 AM,177.189799,8,80824,39.122611,-94.621518
210,2:02:00 AM,252.01935,9,90924,39.124299,-94.62615
211,2:02:10 AM,253.541289,10,10124,41.769802,-88.152087
212,2:02:10 AM,107.435303,10,20224,41.769314,-88.152959
213,2:02:10 AM,87.646033,8,60624,39.105427,-94.712563
214,2:02:10 AM,266.256575,11,70724,39.105926,-94.712912
215,2:02:10 AM,177.189799,8,80824,39.122333,-94.6215
216,2:02:10 AM,164.631497,9,90924,39.124186,-94.626426
217,2:02:20 AM,88.582963,13,10124,41.769808,-88.15194
218,2:02:20 AM,108.531006,13,20224,41.76923,-88.152619
219,2:02:20 AM,85.382577,7,60624,39.105439,-94.712204
220,2:02:20 AM,262.786983,14,70724,39.105933,-94.713258
221,2:02:20 AM,5.606403,9,80824,39.122523,-94.621549
222,2:02:20 AM,71.853209,10,90924,39.124173,-94.626153
223,2:02:30 AM,286.229918,12,10124,41.76983,-88.151736
224,2:02:30 AM,261.036052,12,20224,41.769064,-88.1527
225,2:02:30 AM,85.382577,8,60624,39.105461,-94.711846
226,2:02:30 AM,195.378953,8,70724,39.10572,-94.713463
227,2:02:30 AM,355.084267,10,80824,39.122801,-94.62155
228,2:02:30 AM,106.38596,11,90924,39.124152,-94.62581
229,2:02:40 AM,271.163664,11,10124,41.769789,-88.152063
230,2:02:40 AM,198.487079,11,20224,41.76886,-88.15288
231,2:02:40 AM,85.231493,9,60624,39.105484,-94.711488
232,2:02:40 AM,17.706978,8,70724,39.10566,-94.713428
233,2:02:40 AM,179.9622,10,80824,39.122728,-94.621602
234,2:02:40 AM,106.38596,10,90924,39.124073,-94.625465
235,2:02:50 AM,180.670246,14,10124,41.769655,-88.152242
236,2:02:50 AM,229.664068,14,20224,41.768651,-88.153088
237,2:02:50 AM,85.231493,9,60624,39.105507,-94.71113
238,2:02:50 AM,85.312903,8,70724,39.105884,-94.713236
239,2:02:50 AM,175.681711,9,80824,39.122453,-94.621605
240,2:02:50 AM,111.858354,13,90924,39.12398,-94.625127
241,2:03:00 AM,214.705062,8,10124,41.769411,-88.152314
242,2:03:00 AM,270,8,20224,41.768704,-88.153424
243,2:03:00 AM,85.231493,9,60624,39.10553,-94.710772
244,2:03:00 AM,82.512931,9,70724,39.105865,-94.712883
245,2:03:00 AM,7.232934,8,80824,39.122619,-94.621632
246,2:03:00 AM,111.858354,12,90924,39.123876,-94.624793
247,2:03:10 AM,305.503983,8,10124,41.769295,-88.152571
248,2:03:10 AM,334.610008,8,20224,41.768578,-88.153636
249,2:03:10 AM,85.231493,8,60624,39.105554,-94.710414
250,2:03:10 AM,82.512931,9,70724,39.105901,-94.712527
251,2:03:10 AM,281.957204,9,80824,39.122896,-94.621655
252,2:03:10 AM,111.858354,11,90924,39.123772,-94.62446
253,2:03:20 AM,17.608404,8,10124,41.769468,-88.152796
254,2:03:20 AM,270,8,20224,41.768518,-88.153842
255,2:03:20 AM,265.522237,9,60624,39.105589,-94.710581
256,2:03:20 AM,100.58004,10,70724,39.105882,-94.712174
257,2:03:20 AM,2.011955,9,80824,39.12316,-94.621581
258,2:03:20 AM,118.260861,14,90924,39.123647,-94.624139
259,2:03:30 AM,95.1085,9,10124,41.769414,-88.152854
260,2:03:30 AM,56.162167,9,20224,41.768607,-88.153738
261,2:03:30 AM,265.522237,11,60624,39.105567,-94.71094
262,2:03:30 AM,256.495452,11,70724,39.105829,-94.711938
263,2:03:30 AM,357.361188,8,80824,39.123439,-94.621577
264,2:03:30 AM,118.260861,8,90924,39.123515,-94.623823
265,2:03:40 AM,14.296275,9,10124,41.769528,-88.152836
266,2:03:40 AM,92.64718,9,20224,41.768685,-88.153791
267,2:03:40 AM,265.522237,8,60624,39.105546,-94.711298
268,2:03:40 AM,259.783651,10,70724,39.105773,-94.71229
269,2:03:40 AM,359.174186,8,80824,39.123717,-94.621591
270,2:03:40 AM,116.136389,8,90924,39.123384,-94.623506
271,2:03:50 AM,22.88121,10,10124,41.769778,-88.15271
272,2:03:50 AM,287.50897,10,20224,41.768711,-88.15357
273,2:03:50 AM,265.522237,8,60624,39.105524,-94.711656
274,2:03:50 AM,261.708514,10,70724,39.105729,-94.712645
275,2:03:50 AM,339.599735,12,80824,39.123992,-94.621634
276,2:03:50 AM,116.136389,8,90924,39.123261,-94.623183
277,2:04:00 AM,201.480923,11,10124,41.769659,-88.152817
278,2:04:00 AM,15.895655,11,20224,41.768941,-88.153537
279,2:04:00 AM,263.880005,8,60624,39.105496,-94.712014
280,2:04:00 AM,261.708514,7,70724,39.105689,-94.713001
281,2:04:00 AM,267.888094,8,80824,39.124073,-94.621908
282,2:04:00 AM,116.136389,9,90924,39.123138,-94.622861
283,2:04:10 AM,20.251396,10,10124,41.769772,-88.152819
284,2:04:10 AM,49.741808,10,20224,41.769136,-88.1533
285,2:04:10 AM,262.99381,8,60624,39.105466,-94.712371
286,2:04:10 AM,262.430439,7,70724,39.105651,-94.713357
287,2:04:10 AM,272.179002,9,80824,39.12407,-94.622267
288,2:04:10 AM,110.491207,9,90924,39.123037,-94.622526
289,2:04:20 AM,197.69738,10,10124,41.769652,-88.152913
290,2:04:20 AM,85.490498,10,20224,41.769276,-88.153005
291,2:04:20 AM,75.486318,9,60624,39.105476,-94.712429
292,2:04:20 AM,80.417233,6,70724,39.105819,-94.713111
293,2:04:20 AM,282.153917,9,80824,39.124086,-94.622626
294,2:04:20 AM,119.731726,10,90924,39.122925,-94.622198
295,2:04:30 AM,10.005784,7,10124,41.769809,-88.152886
296,2:04:30 AM,81.640875,7,20224,41.769151,-88.152782
297,2:04:30 AM,81.929374,10,60624,39.105522,-94.712075
298,2:04:30 AM,93.953422,5,70724,39.105821,-94.712754
299,2:04:30 AM,286.191939,10,80824,39.124151,-94.622975
300,2:04:30 AM,297.368324,11,90924,39.122825,-94.621976
301,2:04:40 AM,247.722897,7,10124,41.769583,-88.152993
302,2:04:40 AM,260.507373,7,20224,41.769149,-88.152665
303,2:04:40 AM,85.102129,10,60624,39.105556,-94.711718
304,2:04:40 AM,87.683139,5,70724,39.105848,-94.712397
305,2:04:40 AM,297.169211,11,80824,39.124245,-94.623311
306,2:04:40 AM,297.368324,10,90924,39.122953,-94.622295
307,2:04:50 AM,252.294962,6,10124,41.769782,-88.153024
308,2:04:50 AM,260.507373,6,20224,41.769105,-88.15302
309,2:04:50 AM,85.102129,9,60624,39.10558,-94.71136
310,2:04:50 AM,264.756059,4,70724,39.105819,-94.712229
311,2:04:50 AM,301.013705,10,80824,39.124373,-94.623631
312,2:04:50 AM,297.368324,10,90924,39.123081,-94.622614
313,2:05:00 AM,240.293366,5,10124,41.769548,-88.153092
314,2:05:00 AM,186.081857,5,20224,41.769048,-88.153356
315,2:05:00 AM,85.102129,8,60624,39.105604,-94.711002
316,2:05:00 AM,263.562608,12,70724,39.105791,-94.712586
317,2:05:00 AM,301.013705,13,80824,39.124516,-94.623939
318,2:05:00 AM,297.368324,7,90924,39.123209,-94.622933
319,2:05:10 AM,177.700319,5,10124,41.769727,-88.153086
320,2:05:10 AM,79.045856,5,20224,41.769029,-88.15309
321,2:05:10 AM,85.102129,9,60624,39.105627,-94.710644
322,2:05:10 AM,262.454905,10,70724,39.105757,-94.712943
323,2:05:10 AM,311.821968,12,80824,39.124709,-94.62419
324,2:05:10 AM,297.368324,7,90924,39.123338,-94.623252
325,2:05:20 AM,177.700319,4,10124,41.769613,-88.15308
326,2:05:20 AM,79.045856,4,20224,41.76908,-88.152737
327,2:05:20 AM,95.383598,9,60624,39.105643,-94.710286
328,2:05:20 AM,55.419982,10,70724,39.105768,-94.713139
329,2:05:20 AM,311.821968,11,80824,39.124894,-94.624458
330,2:05:20 AM,297.368324,6,90924,39.123466,-94.623571
331,2:05:30 AM,264.529508,12,20224,41.768955,-88.152938
332,2:05:30 AM,79.881832,8,60624,39.105714,-94.710082
333,2:05:30 AM,203.78973,10,70724,39.1057,-94.712994
334,2:05:30 AM,307.133441,14,80824,39.125064,-94.624743
335,2:05:30 AM,297.368324,5,90924,39.123594,-94.623891
336,2:05:40 AM,264.529508,10,20224,41.768929,-88.153296
337,2:05:40 AM,260.47907,8,60624,39.105591,-94.710185
338,2:05:40 AM,259.652022,11,70724,39.105573,-94.71327
339,2:05:40 AM,289.465718,8,80824,39.125185,-94.625066
340,2:05:40 AM,295.609673,5,90924,39.123716,-94.624214
341,2:05:50 AM,84.49555,10,20224,41.768856,-88.153402
342,2:05:50 AM,84.038268,12,60624,39.105522,-94.710359
343,2:05:50 AM,259.652022,9,70724,39.105523,-94.713624
344,2:05:50 AM,288.252437,8,80824,39.125277,-94.625405
345,2:05:50 AM,295.609673,4,90924,39.123836,-94.624538
346,2:06:00 AM,84.49555,10,20224,41.768882,-88.153045
347,2:06:00 AM,14.776101,8,60624,39.105629,-94.710061
348,2:06:00 AM,265.643963,8,70724,39.105485,-94.713979
349,2:06:00 AM,274.501769,8,80824,39.125338,-94.625753
350,2:06:00 AM,268.523884,12,90924,39.12386,-94.624888
351,2:06:10 AM,264.298221,11,20224,41.768814,-88.153093
352,2:06:10 AM,311.558173,9,60624,39.105528,-94.710058
353,2:06:10 AM,264.781459,7,70724,39.105462,-94.714337
354,2:06:10 AM,273.228178,9,80824,39.125356,-94.626112
355,2:06:10 AM,290.861893,10,90924,39.123889,-94.62524
356,2:06:20 AM,264.298221,9,20224,41.768788,-88.153451
357,2:06:20 AM,245.971241,9,60624,39.105471,-94.710407
358,2:06:20 AM,273.401855,8,70724,39.105439,-94.714695
359,2:06:20 AM,271.434419,9,80824,39.125367,-94.626471
360,2:06:20 AM,290.861893,10,90924,39.123988,-94.625575
361,2:06:30 AM,87.451545,10,20224,41.768735,-88.153182
362,2:06:30 AM,71.695804,10,60624,39.105469,-94.710117
363,2:06:30 AM,273.401855,9,70724,39.105455,-94.715054
364,2:06:30 AM,141.003393,10,80824,39.125238,-94.626599
365,2:06:30 AM,306.586143,10,90924,39.12409,-94.625909
366,2:06:40 AM,87.451545,9,20224,41.76874,-88.153027
367,2:06:40 AM,266.746682,11,60624,39.105428,-94.710035
368,2:06:40 AM,272.490372,9,70724,39.105471,-94.715413
369,2:06:40 AM,141.101123,11,80824,39.125021,-94.626374
370,2:06:40 AM,306.586143,11,90924,39.124257,-94.626198
371,2:06:50 AM,264.80116,10,60624,39.105402,-94.710392
372,2:06:50 AM,272.296215,9,70724,39.105498,-94.715769
373,2:06:50 AM,99.907604,10,80824,39.124861,-94.626105
374,2:06:50 AM,226.764493,9,90924,39.124178,-94.626468
375,2:07:00 AM,91.011368,9,60624,39.105617,-94.71039
376,2:07:00 AM,278.262395,8,70724,39.105528,-94.716126
377,2:07:00 AM,113.347625,10,80824,39.124766,-94.625768
378,2:07:00 AM,102.566223,8,90924,39.124096,-94.626217
379,2:07:10 AM,142.44034,10,60624,39.10556,-94.710054
380,2:07:10 AM,273.122461,9,70724,39.105548,-94.716484
381,2:07:10 AM,113.347625,7,80824,39.124655,-94.625438
382,2:07:10 AM,114.10969,7,90924,39.124018,-94.625873
383,2:07:20 AM,355.222007,9,60624,39.10569,-94.709947
384,2:07:20 AM,274.028587,11,70724,39.105564,-94.716842
385,2:07:20 AM,114.926333,7,80824,39.124562,-94.625107
386,2:07:20 AM,114.10969,8,90924,39.123904,-94.625545
387,2:07:30 AM,279.373822,7,60624,39.10576,-94.710086
388,2:07:30 AM,274.028587,8,70724,39.105584,-94.717201
389,2:07:30 AM,110.244703,6,80824,39.124448,-94.624787
390,2:07:30 AM,114.10969,9,90924,39.12379,-94.625217
391,2:07:40 AM,274.272718,8,70724,39.105604,-94.717559
392,2:07:40 AM,111.959521,5,80824,39.12435,-94.62445
393,2:07:40 AM,284.118686,9,90924,39.123811,-94.625389
394,2:07:50 AM,276.002838,8,70724,39.105627,-94.717917
395,2:07:50 AM,111.959521,5,80824,39.124246,-94.624117
396,2:07:50 AM,288.650563,9,90924,39.123898,-94.62573
397,2:08:00 AM,274.801194,8,70724,39.105656,-94.718275
398,2:08:00 AM,111.959521,4,80824,39.124142,-94.623784
399,2:08:00 AM,287.624889,8,90924,39.123986,-94.626071
400,2:08:10 AM,274.801194,9,70724,39.105679,-94.718633
401,2:08:10 AM,111.959521,12,80824,39.124038,-94.623451
402,2:08:10 AM,287.624889,8,90924,39.124071,-94.626414
403,2:08:20 AM,274.801194,10,70724,39.105703,-94.718991
404,2:08:20 AM,117.701289,10,80824,39.123909,-94.623132
405,2:08:20 AM,294.690655,8,90924,39.124047,-94.626683
406,2:08:30 AM,273.351999,10,70724,39.10572,-94.719349
407,2:08:30 AM,117.701289,10,80824,39.123779,-94.622814
408,2:08:30 AM,294.690655,8,90924,39.124164,-94.62701
409,2:08:40 AM,277.703025,9,70724,39.105747,-94.719707
410,2:08:40 AM,120.037485,10,80824,39.123648,-94.622497
411,2:08:40 AM,280.613745,9,90924,39.12427,-94.62734
412,2:08:50 AM,277.703025,8,70724,39.105785,-94.720063
413,2:08:50 AM,102.365186,11,80824,39.123527,-94.622177
414,2:08:50 AM,289.30486,10,90924,39.124333,-94.627689
415,2:09:00 AM,275.724883,9,70724,39.105815,-94.72042
416,2:09:00 AM,109.539491,9,80824,39.123466,-94.621828
417,2:09:00 AM,289.30486,10,90924,39.124425,-94.628029
418,2:09:10 AM,275.724883,9,70724,39.105843,-94.720778
419,2:09:10 AM,291.105304,10,80824,39.123335,-94.621604
420,2:09:10 AM,285.584614,9,90924,39.124513,-94.628369
421,2:09:20 AM,275.679427,8,70724,39.105871,-94.721135
422,2:09:20 AM,275.974529,9,80824,39.123421,-94.621945
423,2:09:20 AM,285.584614,8,90924,39.124588,-94.628715
424,2:09:30 AM,275.679427,8,70724,39.105898,-94.721493
425,2:09:30 AM,289.3069,10,80824,39.123468,-94.622297
426,2:09:30 AM,304.998242,9,90924,39.124668,-94.629058
427,2:09:40 AM,275.679427,12,70724,39.105926,-94.72185
428,2:09:40 AM,89.985734,10,80824,39.123391,-94.622073
429,2:09:40 AM,304.998242,9,90924,39.124828,-94.629353
430,2:09:50 AM,275.679427,8,70724,39.105954,-94.722208
431,2:09:50 AM,106.447058,11,80824,39.123341,-94.621723
432,2:09:50 AM,296.910784,8,90924,39.124987,-94.629648
433,2:10:00 AM,274.822758,9,70724,39.105978,-94.722566
434,2:10:00 AM,196.46128,12,80824,39.123111,-94.621625
435,2:10:00 AM,296.910784,8,90924,39.125113,-94.629968
436,2:10:10 AM,274.822758,9,70724,39.106002,-94.722924
437,2:10:10 AM,69.081571,8,80824,39.123006,-94.621731
438,2:10:10 AM,158.567587,12,90924,39.125201,-94.630243
439,2:10:20 AM,274.822758,10,70724,39.106025,-94.723282
440,2:10:20 AM,315.41658,9,80824,39.123258,-94.621693
441,2:10:20 AM,305.230227,8,90924,39.125163,-94.630336
442,2:10:30 AM,274.822758,11,70724,39.106049,-94.72364
443,2:10:30 AM,284.159251,8,80824,39.12335,-94.622017
444,2:10:30 AM,305.230227,9,90924,39.125324,-94.630629
445,2:10:40 AM,274.822758,10,70724,39.106072,-94.723998
446,2:10:40 AM,110.525152,7,80824,39.123295,-94.621679
447,2:10:40 AM,314.836577,9,90924,39.125505,-94.630901
448,2:10:50 AM,272.350824,9,70724,39.106092,-94.724356
449,2:10:50 AM,250.034446,8,80824,39.123052,-94.621702
450,2:10:50 AM,314.86811,10,90924,39.125701,-94.631156
451,2:11:00 AM,272.350824,10,70724,39.106103,-94.724715
452,2:11:00 AM,299.361145,9,80824,39.123114,-94.621983
453,2:11:00 AM,320.699,11,90924,39.125931,-94.631296
454,2:11:10 AM,272.350824,9,70724,39.106115,-94.725074
455,2:11:10 AM,134.824936,9,80824,39.123069,-94.621958
456,2:11:10 AM,138.14327,10,90924,39.126045,-94.63133
457,2:11:20 AM,272.350824,7,70724,39.106126,-94.725433
458,2:11:20 AM,116.038586,9,80824,39.122935,-94.621645
459,2:11:20 AM,210.593089,13,90924,39.125829,-94.631197
460,2:11:30 AM,272.350824,8,70724,39.106138,-94.725792
461,2:11:30 AM,298.974751,8,80824,39.122961,-94.621869
462,2:11:30 AM,130.498671,12,90924,39.12563,-94.63097
463,2:11:40 AM,272.350824,8,70724,39.106149,-94.726151
464,2:11:40 AM,301.8556,9,80824,39.123116,-94.622166
465,2:11:40 AM,130.498671,11,90924,39.125449,-94.630696
466,2:11:50 AM,272.350824,8,70724,39.10616,-94.72651
467,2:11:50 AM,294.38027,11,80824,39.123256,-94.622476
468,2:11:50 AM,129.594946,14,90924,39.125269,-94.630422
469,2:12:00 AM,272.350824,9,70724,39.106172,-94.726869
470,2:12:00 AM,296.523539,8,80824,39.123389,-94.622791
471,2:12:00 AM,103.71353,8,90924,39.125143,-94.630111
472,2:12:10 AM,272.350824,9,70724,39.106183,-94.727228
473,2:12:10 AM,288.987558,8,80824,39.123507,-94.623116
474,2:12:10 AM,99.802068,8,90924,39.125093,-94.629758
475,2:12:20 AM,272.350824,10,70724,39.106195,-94.727587
476,2:12:20 AM,303.149781,8,80824,39.123636,-94.62343
477,2:12:20 AM,96.665175,8,90924,39.124978,-94.629433
478,2:12:30 AM,272.350824,11,70724,39.106206,-94.727947
479,2:12:30 AM,295.237837,8,80824,39.123774,-94.623742
480,2:12:30 AM,58.02617,9,90924,39.125039,-94.629104
481,2:12:40 AM,272.350824,10,70724,39.106218,-94.728306
482,2:12:40 AM,292.51325,9,80824,39.123888,-94.624069
483,2:12:40 AM,111.337562,9,90924,39.125126,-94.628787
484,2:12:50 AM,70.716303,10,70724,39.106258,-94.728411
485,2:12:50 AM,292.51325,10,80824,39.123995,-94.624401
486,2:12:50 AM,111.880139,10,90924,39.124989,-94.628478
487,2:13:00 AM,188.500203,7,70724,39.10636,-94.72829
488,2:13:00 AM,312.541624,10,80824,39.124094,-94.62473
489,2:13:00 AM,111.880139,11,90924,39.124885,-94.628144
490,2:13:10 AM,10.192181,7,70724,39.106335,-94.728194
491,2:13:10 AM,292.839311,9,80824,39.124204,-94.625059
492,2:13:10 AM,102.781448,10,90924,39.124817,-94.627796
493,2:13:20 AM,190.543407,6,70724,39.106234,-94.72827
494,2:13:20 AM,292.839311,8,80824,39.124312,-94.62539
495,2:13:20 AM,94.015733,10,90924,39.124773,-94.627442
496,2:13:30 AM,347.110129,5,70724,39.106411,-94.728347
497,2:13:30 AM,292.839311,9,80824,39.12442,-94.625722
498,2:13:30 AM,10.070541,7,90924,39.124894,-94.627224
499,2:13:40 AM,93.407887,5,70724,39.106235,-94.728359
500,2:13:40 AM,254.237467,9,80824,39.124451,-94.626064
501,2:13:40 AM,275.38075,7,90924,39.124891,-94.627572
502,2:13:50 AM,3.214131,4,70724,39.106291,-94.728084
503,2:13:50 AM,254.237467,8,80824,39.124376,-94.62641
504,2:13:50 AM,287.104709,6,90924,39.124946,-94.627923
505,2:14:00 AM,108.36085,12,70724,39.106341,-94.728101
506,2:14:00 AM,181.151195,8,80824,39.124268,-94.626672
507,2:14:00 AM,287.104709,5,90924,39.125028,-94.628266
508,2:14:10 AM,332.987081,10,70724,39.106302,-94.727968
509,2:14:10 AM,353.432051,12,80824,39.124319,-94.626654
510,2:14:10 AM,298.312631,5,90924,39.125155,-94.628586
511,2:14:20 AM,179.502755,10,70724,39.10628,-94.728164
512,2:14:20 AM,70.240468,8,80824,39.124425,-94.626404
513,2:14:20 AM,289.792541,4,90924,39.125267,-94.628913
514,2:14:30 AM,18.107082,10,70724,39.106328,-94.72804
515,2:14:30 AM,76.640737,9,80824,39.124507,-94.626061
516,2:14:30 AM,243.682727,12,90924,39.125141,-94.629228
517,2:14:40 AM,164.685671,11,70724,39.106275,-94.727919
518,2:14:40 AM,259.570885,9,80824,39.124523,-94.626123
519,2:14:40 AM,289.949108,10,90924,39.125126,-94.629558
520,2:14:50 AM,20.823128,9,70724,39.106353,-94.727844
521,2:14:50 AM,263.237412,10,80824,39.124447,-94.626466
522,2:14:50 AM,285.773168,10,90924,39.125214,-94.629899
523,2:15:00 AM,104.538874,12,70724,39.106326,-94.727534
524,2:15:00 AM,91.364285,11,80824,39.124477,-94.626573
525,2:15:00 AM,298.758393,10,90924,39.125317,-94.63023
526,2:15:10 AM,269.542703,8,70724,39.106227,-94.727639
527,2:15:10 AM,77.92568,10,80824,39.12453,-94.626225
528,2:15:10 AM,298.758393,11,90924,39.125451,-94.630545
529,2:15:20 AM,180.198398,9,70724,39.106341,-94.727801
530,2:15:20 AM,255.243944,13,80824,39.124578,-94.626123
531,2:15:20 AM,309.466045,9,90924,39.125625,-94.630825
532,2:15:30 AM,104.538874,9,70724,39.106321,-94.727514
533,2:15:30 AM,267.546127,12,80824,39.124502,-94.626465
534,2:15:30 AM,319.705033,10,90924,39.125823,-94.631076
535,2:15:40 AM,91.578471,10,70724,39.106321,-94.727155
536,2:15:40 AM,95.745526,11,80824,39.124531,-94.626544
537,2:15:40 AM,127.34801,9,90924,39.125776,-94.630955
538,2:15:50 AM,274.660974,11,70724,39.106355,-94.726978
539,2:15:50 AM,71.886866,14,80824,39.12458,-94.626202
540,2:15:50 AM,121.866564,10,90924,39.125615,-94.630663
541,2:16:00 AM,279.492291,10,70724,39.106365,-94.727337
542,2:16:00 AM,272.345278,8,80824,39.124581,-94.626295
543,2:16:00 AM,121.866564,10,90924,39.125468,-94.630357
544,2:16:10 AM,220.558894,13,70724,39.106304,-94.727656
545,2:16:10 AM,296.315941,8,80824,39.12457,-94.626637
546,2:16:10 AM,110.637426,11,90924,39.12537,-94.630021
547,2:16:20 AM,90.054314,12,70724,39.10622,-94.727533
548,2:16:20 AM,67.631113,8,80824,39.124579,-94.626411
549,2:16:20 AM,111.451781,12,90924,39.125269,-94.629686
550,2:16:30 AM,89.638273,11,70724,39.10622,-94.727174
551,2:16:30 AM,270.483312,9,80824,39.124623,-94.626319
552,2:16:30 AM,103.030654,8,90924,39.125188,-94.629343
553,2:16:40 AM,92.611205,14,70724,39.106211,-94.726815
554,2:16:40 AM,87.227703,9,80824,39.124582,-94.626095
555,2:16:40 AM,274.298892,9,90924,39.125297,-94.629094
556,2:16:50 AM,92.611205,8,70724,39.106198,-94.726456
557,2:16:50 AM,114.954655,10,80824,39.124489,-94.625762
558,2:16:50 AM,274.298892,8,90924,39.125318,-94.629452
559,2:17:00 AM,92.611205,8,70724,39.106186,-94.726097
560,2:17:00 AM,112.800779,11,80824,39.12438,-94.625431
561,2:17:00 AM,285.150216,7,90924,39.125373,-94.629803
562,2:17:10 AM,92.200856,8,70724,39.106174,-94.725738
563,2:17:10 AM,112.800779,10,80824,39.124271,-94.6251
564,2:17:10 AM,285.150216,8,90924,39.125446,-94.63015
565,2:17:20 AM,92.200856,9,70724,39.106163,-94.725379
566,2:17:20 AM,112.800779,10,80824,39.124163,-94.624769
567,2:17:20 AM,291.234859,9,90924,39.125541,-94.630487
568,2:17:30 AM,70.267533,9,70724,39.106164,-94.725022
569,2:17:30 AM,112.800779,7,80824,39.124055,-94.624437
570,2:17:30 AM,135.2821,9,90924,39.125534,-94.63061
571,2:17:40 AM,38.683669,10,70724,39.106348,-94.724776
572,2:17:40 AM,112.800779,7,80824,39.123947,-94.624106
573,2:17:40 AM,114.428713,9,90924,39.125407,-94.630293
574,2:17:50 AM,216.418026,11,70724,39.106316,-94.724867
575,2:17:50 AM,112.800779,6,80824,39.123839,-94.623775
576,2:17:50 AM,109.782817,8,90924,39.125301,-94.629961
577,2:18:00 AM,263.105966,10,70724,39.106266,-94.725168
578,2:18:00 AM,119.405957,5,80824,39.123712,-94.623456
579,2:18:00 AM,109.782817,9,90924,39.125207,-94.629623
580,2:18:10 AM,272.479488,10,70724,39.106265,-94.725527
581,2:18:10 AM,117.243247,5,80824,39.123578,-94.623141
582,2:18:10 AM,85.596263,11,90924,39.125139,-94.62928
583,2:18:20 AM,272.479488,7,70724,39.106277,-94.725886
584,2:18:20 AM,117.243247,4,80824,39.123451,-94.622821
585,2:18:20 AM,85.596263,8,90924,39.12516,-94.628922
586,2:18:30 AM,272.479488,7,70724,39.106289,-94.726245
587,2:18:30 AM,117.243247,12,80824,39.123323,-94.622502
588,2:18:30 AM,85.596263,8,90924,39.125181,-94.628564
589,2:18:40 AM,272.479488,6,70724,39.106301,-94.726604
590,2:18:40 AM,118.524809,10,80824,39.123194,-94.622184
591,2:18:40 AM,101.735015,8,90924,39.125127,-94.628212
592,2:18:50 AM,284.795585,5,70724,39.106329,-94.72696
593,2:18:50 AM,125.599597,10,80824,39.123036,-94.621887
594,2:18:50 AM,93.376937,8,90924,39.12509,-94.627856
595,2:19:00 AM,271.875636,5,70724,39.106346,-94.727317
596,2:19:00 AM,13.260847,10,80824,39.123049,-94.621639
597,2:19:00 AM,93.376937,9,90924,39.125074,-94.627498
598,2:19:10 AM,92.954887,4,70724,39.106388,-94.727186
599,2:19:10 AM,273.940359,11,80824,39.123282,-94.621682
600,2:19:10 AM,72.214958,10,90924,39.125085,-94.627144
601,2:19:20 AM,92.954887,12,70724,39.106374,-94.726827
602,2:19:20 AM,293.238467,9,80824,39.123365,-94.622021
603,2:19:20 AM,268.827847,10,90924,39.125196,-94.62725
604,2:19:30 AM,92.5127,10,70724,39.106362,-94.726468
605,2:19:30 AM,296.221777,8,80824,39.123485,-94.622345
606,2:19:30 AM,277.824408,9,90924,39.125197,-94.627609
607,2:19:40 AM,92.5127,10,70724,39.106349,-94.726109
608,2:19:40 AM,298.556386,7,80824,39.123614,-94.622663
609,2:19:40 AM,277.824408,8,90924,39.125235,-94.627965
610,2:19:50 AM,92.5127,10,70724,39.106337,-94.72575
611,2:19:50 AM,298.556386,8,80824,39.123747,-94.622979
612,2:19:50 AM,277.824408,9,90924,39.125273,-94.628321
613,2:20:00 AM,92.5127,11,70724,39.106325,-94.725392
614,2:20:00 AM,298.556386,9,80824,39.12388,-94.623295
615,2:20:00 AM,277.824408,9,90924,39.125311,-94.628677
616,2:20:10 AM,102.052141,9,70724,39.106307,-94.725033
617,2:20:10 AM,296.713148,9,80824,39.124009,-94.623613
618,2:20:10 AM,25.178682,8,90924,39.125362,-94.629001
619,2:20:20 AM,44.19103,8,70724,39.106476,-94.724788
620,2:20:20 AM,292.859898,9,80824,39.12412,-94.623943
621,2:20:20 AM,92.313509,8,90924,39.12538,-94.628664
622,2:20:30 AM,218.487367,7,70724,39.106289,-94.724858
623,2:20:30 AM,292.859898,8,80824,39.124228,-94.624274
624,2:20:30 AM,92.313509,12,90924,39.125369,-94.628305
625,2:20:40 AM,274.496101,8,70724,39.106281,-94.7252
626,2:20:40 AM,292.859898,8,80824,39.124336,-94.624605
627,2:20:40 AM,92.313509,8,90924,39.125357,-94.627946
628,2:20:50 AM,271.491889,9,70724,39.10629,-94.725559
629,2:20:50 AM,292.526687,8,80824,39.124444,-94.624936
630,2:20:50 AM,92.313509,9,90924,39.125346,-94.627587
631,2:21:00 AM,271.491889,9,70724,39.106297,-94.725918
632,2:21:00 AM,292.526687,8,80824,39.124551,-94.625268
633,2:21:00 AM,92.313509,9,90924,39.125335,-94.627228
634,2:21:10 AM,273.22164,9,70724,39.106312,-94.726277
635,2:21:10 AM,292.526687,9,80824,39.124658,-94.6256
636,2:21:10 AM,97.94044,10,90924,39.125315,-94.62687
637,2:21:20 AM,273.22164,8,70724,39.106328,-94.726636
638,2:21:20 AM,292.526687,10,80824,39.124765,-94.625932
639,2:21:20 AM,97.94044,11,90924,39.125276,-94.626514
640,2:21:30 AM,261.680933,9,70724,39.10633,-94.726992
641,2:21:30 AM,272.540923,10,80824,39.124824,-94.626278
642,2:21:30 AM,93.12327,10,90924,39.125257,-94.626156
643,2:21:40 AM,94.860706,11,70724,39.106366,-94.726837
644,2:21:40 AM,193.688804,9,80824,39.124757,-94.626569
645,2:21:40 AM,93.12327,13,90924,39.125242,-94.625797
646,2:21:50 AM,92.822079,8,70724,39.106349,-94.726479
647,2:21:50 AM,274.942027,8,80824,39.124591,-94.626516
648,2:21:50 AM,113.16607,12,90924,39.125186,-94.625451
649,2:22:00 AM,92.822079,8,70724,39.106335,-94.72612
650,2:22:00 AM,25.013621,9,80824,39.124807,-94.626645
651,2:22:00 AM,113.16607,11,90924,39.125077,-94.62512
652,2:22:10 AM,92.822079,8,70724,39.106321,-94.725761
653,2:22:10 AM,91.551669,9,80824,39.124846,-94.62636
654,2:22:10 AM,126.624077,14,90924,39.124965,-94.624791
655,2:22:20 AM,92.822079,8,70724,39.106308,-94.725402
656,2:22:20 AM,314.624013,8,80824,39.124939,-94.626459
657,2:22:20 AM,126.624077,8,90924,39.124799,-94.624503
658,2:22:30 AM,88.272983,9,70724,39.106295,-94.725043
659,2:22:30 AM,2.289781,8,80824,39.124931,-94.626666
660,2:22:30 AM,126.624077,8,90924,39.124633,-94.624215
661,2:22:40 AM,46.866758,10,70724,39.10643,-94.724762
662,2:22:40 AM,357.384248,12,80824,39.125209,-94.626678
663,2:22:40 AM,126.624077,8,90924,39.124466,-94.623926
664,2:22:50 AM,202.069513,10,70724,39.106262,-94.724788
665,2:22:50 AM,141.375955,8,80824,39.125083,-94.626542
666,2:22:50 AM,119.398684,9,90924,39.124329,-94.623614
667,2:23:00 AM,48.321897,9,70724,39.106082,-94.724614
668,2:23:00 AM,141.375955,9,80824,39.124865,-94.626317
669,2:23:00 AM,119.398684,9,90924,39.124192,-94.623301
670,2:23:10 AM,25.890575,8,70724,39.106245,-94.72475
671,2:23:10 AM,320.052961,9,80824,39.125008,-94.626505
672,2:23:10 AM,111.18911,10,90924,39.124086,-94.622969
673,2:23:20 AM,98.929109,9,70724,39.106339,-94.724459
674,2:23:20 AM,179.061761,10,80824,39.125134,-94.626695
675,2:23:20 AM,95.804637,11,90924,39.124036,-94.622618
676,2:23:30 AM,81.380909,9,70724,39.106362,-94.724107
677,2:23:30 AM,139.260239,11,80824,39.124922,-94.626461
678,2:23:30 AM,90.378715,10,90924,39.124012,-94.62226
679,2:23:40 AM,167.473598,8,70724,39.106273,-94.723836
680,2:23:40 AM,319.828474,10,80824,39.124917,-94.626503
681,2:23:40 AM,90.378715,10,90924,39.12401,-94.621901
682,2:23:50 AM,266.25716,8,70724,39.106134,-94.724044
683,2:23:50 AM,137.428373,13,80824,39.125019,-94.626679
684,2:23:50 AM,160.825749,7,90924,39.123895,-94.621646
685,2:24:00 AM,282.446121,12,70724,39.106144,-94.724402
686,2:24:00 AM,182.090582,12,80824,39.124804,-94.626472
687,2:24:00 AM,179.431206,7,90924,39.12362,-94.621618
688,2:24:10 AM,58.344122,8,70724,39.106262,-94.724687
689,2:24:10 AM,176.247216,11,80824,39.124888,-94.626644
690,2:24:10 AM,295.628468,6,90924,39.123491,-94.621737
691,2:24:20 AM,84.934075,9,70724,39.106301,-94.724344
692,2:24:20 AM,329.231826,14,80824,39.124799,-94.626532
693,2:24:20 AM,283.19645,5,90924,39.123566,-94.622081
694,2:24:30 AM,93.349748,9,70724,39.106312,-94.723986
695,2:24:30 AM,151.875597,8,80824,39.124915,-94.626648
696,2:24:30 AM,298.566239,5,90924,39.123676,-94.622408
697,2:24:40 AM,269.593776,10,70724,39.106183,-94.724
698,2:24:40 AM,353.025458,8,80824,39.124799,-94.626617
699,2:24:40 AM,296.978433,4,90924,39.123806,-94.622726
700,2:24:50 AM,284.012118,11,70724,39.106199,-94.724357
701,2:24:50 AM,303.584359,8,80824,39.125006,-94.626833
702,2:24:50 AM,296.978433,12,90924,39.123933,-94.623046
703,2:25:00 AM,302.738735,10,70724,39.10631,-94.724682
704,2:25:00 AM,0.64474,9,80824,39.125238,-94.626942
705,2:25:00 AM,296.978433,10,90924,39.124059,-94.623366
706,2:25:10 AM,15.697551,9,70724,39.106532,-94.724811
707,2:25:10 AM,260.099285,9,80824,39.125418,-94.627098
708,2:25:10 AM,293.473411,10,90924,39.124174,-94.623693
709,2:25:20 AM,127.786271,10,70724,39.106564,-94.724509
710,2:25:20 AM,272.161925,10,80824,39.125433,-94.627455
711,2:25:20 AM,293.473411,10,90924,39.124285,-94.624023
712,2:25:30 AM,256.083804,9,70724,39.106548,-94.724718
713,2:25:30 AM,271.893435,11,80824,39.125442,-94.627814
714,2:25:30 AM,292.14392,11,90924,39.124391,-94.624356
715,2:25:40 AM,161.112469,7,70724,39.106356,-94.724532
716,2:25:40 AM,271.893435,10,80824,39.125451,-94.628173
717,2:25:40 AM,290.641489,9,90924,39.124493,-94.62469
718,2:25:50 AM,96.467093,8,70724,39.10626,-94.724243
719,2:25:50 AM,271.893435,10,80824,39.125461,-94.628532
720,2:25:50 AM,290.641489,8,90924,39.124592,-94.625026
721,2:26:00 AM,129.104987,8,70724,39.106227,-94.723894
722,2:26:00 AM,271.893435,7,80824,39.12547,-94.628891
723,2:26:00 AM,293.790035,7,90924,39.124699,-94.625358
724,2:26:10 AM,96.76664,8,70724,39.106115,-94.72358
725,2:26:10 AM,272.42059,7,80824,39.12548,-94.62925
726,2:26:10 AM,293.790035,8,90924,39.124811,-94.625686
727,2:26:20 AM,95.772824,9,70724,39.106085,-94.723223
728,2:26:20 AM,277.636005,6,80824,39.125493,-94.629609
729,2:26:20 AM,284.438888,9,90924,39.12492,-94.626017
730,2:26:30 AM,95.772824,9,70724,39.106056,-94.722866
731,2:26:30 AM,283.558425,5,80824,39.125539,-94.629963
732,2:26:30 AM,272.82915,9,90924,39.124964,-94.62637
733,2:26:40 AM,95.772824,10,70724,39.106028,-94.722508
734,2:26:40 AM,292.856329,5,80824,39.125616,-94.630308
735,2:26:40 AM,11.208733,9,90924,39.125048,-94.626614
736,2:26:50 AM,95.772824,11,70724,39.106,-94.722151
737,2:26:50 AM,299.072178,4,80824,39.12573,-94.630635
738,2:26:50 AM,115.686761,8,90924,39.125095,-94.626399
739,2:27:00 AM,95.772824,10,70724,39.105972,-94.721793
740,2:27:00 AM,304.137296,12,80824,39.125875,-94.630941
741,2:27:00 AM,107.309222,8,90924,39.124995,-94.626064
742,2:27:10 AM,95.772824,10,70724,39.105944,-94.721436
743,2:27:10 AM,310.254062,10,80824,39.126051,-94.63122
744,2:27:10 AM,107.309222,8,90924,39.124913,-94.625721
745,2:27:20 AM,95.772824,7,70724,39.105916,-94.721078
746,2:27:20 AM,315.31264,10,80824,39.12625,-94.631472
747,2:27:20 AM,119.326707,8,90924,39.124816,-94.625386
748,2:27:30 AM,95.772824,7,70724,39.105888,-94.720721
749,2:27:30 AM,315.31264,10,80824,39.126448,-94.631724
750,2:27:30 AM,119.326707,9,90924,39.124679,-94.625073
751,2:27:40 AM,95.772824,6,70724,39.10586,-94.720363
752,2:27:40 AM,315.186719,11,80824,39.126646,-94.631977
753,2:27:40 AM,108.706913,10,90924,39.124586,-94.624735
754,2:27:50 AM,95.772824,5,70724,39.105832,-94.720006
755,2:27:50 AM,134.570534,9,80824,39.12678,-94.632207
756,2:27:50 AM,115.599015,10,90924,39.124488,-94.624398
757,2:28:00 AM,95.772824,5,70724,39.105804,-94.719648
758,2:28:00 AM,135.329959,10,80824,39.126582,-94.631953
759,2:28:00 AM,115.599015,9,90924,39.124368,-94.624074
760,2:28:10 AM,95.772824,4,70724,39.105776,-94.719291
761,2:28:10 AM,135.329959,9,80824,39.126384,-94.631701
762,2:28:10 AM,115.243639,8,90924,39.124248,-94.62375
763,2:28:20 AM,276.033415,12,70724,39.105857,-94.719496
764,2:28:20 AM,137.381303,10,80824,39.126185,-94.631449
765,2:28:20 AM,115.243639,9,90924,39.12413,-94.623425
766,2:28:30 AM,276.033415,10,70724,39.105886,-94.719853
767,2:28:30 AM,132.867511,10,80824,39.125987,-94.631197
768,2:28:30 AM,114.065587,9,90924,39.124012,-94.623099
769,2:28:40 AM,276.033415,10,70724,39.105915,-94.720211
770,2:28:40 AM,123.232623,11,80824,39.125814,-94.630916
771,2:28:40 AM,114.065587,8,90924,39.123898,-94.622771
772,2:28:50 AM,276.033415,10,70724,39.105945,-94.720568
773,2:28:50 AM,116.566087,12,80824,39.125675,-94.630605
774,2:28:50 AM,119.824278,8,90924,39.123771,-94.622452
775,2:29:00 AM,276.033415,11,70724,39.105974,-94.720925
776,2:29:00 AM,111.001033,8,80824,39.125569,-94.630273
777,2:29:00 AM,109.016405,12,90924,39.123659,-94.622125
778,2:29:10 AM,276.033415,9,70724,39.106003,-94.721283
779,2:29:10 AM,104.584798,9,80824,39.125493,-94.629928
780,2:29:10 AM,105.038215,8,90924,39.123573,-94.621783
781,2:29:20 AM,276.033415,8,70724,39.106032,-94.72164
782,2:29:20 AM,96.630073,8,80824,39.125452,-94.629573
783,2:29:20 AM,281.450818,9,90924,39.123672,-94.621666
784,2:29:30 AM,276.033415,8,70724,39.106062,-94.721997
785,2:29:30 AM,92.572372,7,80824,39.125424,-94.629216
786,2:29:30 AM,292.452556,9,90924,39.123731,-94.622017
787,2:29:40 AM,276.033415,8,70724,39.106091,-94.722355
788,2:29:40 AM,202.193092,8,80824,39.125204,-94.629223
789,2:29:40 AM,292.452556,10,90924,39.123838,-94.622349
790,2:29:50 AM,276.033415,8,70724,39.10612,-94.722712
791,2:29:50 AM,211.440114,9,80824,39.124958,-94.629389
792,2:29:50 AM,290.7799,11,90924,39.123939,-94.622684
793,2:30:00 AM,276.033415,9,70724,39.10615,-94.723069
794,2:30:00 AM,301.514848,9,80824,39.124851,-94.629616
795,2:30:00 AM,290.7799,10,90924,39.124038,-94.62302
796,2:30:10 AM,276.033415,10,70724,39.106179,-94.723427
797,2:30:10 AM,301.514848,9,80824,39.124997,-94.629923
798,2:30:10 AM,297.1332,13,90924,39.124152,-94.623347
799,2:30:20 AM,310.829233,10,70724,39.106247,-94.723762
800,2:30:20 AM,201.483384,8,80824,39.124983,-94.63016
801,2:30:20 AM,297.1332,12,90924,39.124279,-94.623666
802,2:30:30 AM,96.32462,9,70724,39.106378,-94.723564
803,2:30:30 AM,309.265282,9,80824,39.125148,-94.630435
804,2:30:30 AM,297.1332,11,90924,39.124406,-94.623986
805,2:30:40 AM,104.383222,8,70724,39.106349,-94.723208
806,2:30:40 AM,309.265282,11,80824,39.125324,-94.630713
807,2:30:40 AM,294.881619,14,90924,39.124529,-94.624308
808,2:30:50 AM,134.691085,9,70724,39.106271,-94.722868
809,2:30:50 AM,315.952305,8,80824,39.125503,-94.630988
810,2:30:50 AM,294.881619,8,90924,39.124647,-94.624634
811,2:31:00 AM,84.04001,9,70724,39.106204,-94.722545
812,2:31:00 AM,319.11495,8,80824,39.125705,-94.631236
813,2:31:00 AM,297.68875,8,90924,39.124769,-94.624957
814,2:31:10 AM,137.83156,8,70724,39.106268,-94.722209
815,2:31:10 AM,312.053655,8,80824,39.125925,-94.631354
816,2:31:10 AM,297.68875,8,90924,39.124898,-94.625276
817,2:31:20 AM,48.762064,8,70724,39.106226,-94.72193
818,2:31:20 AM,320.222383,8,80824,39.126138,-94.631532
819,2:31:20 AM,286.724355,9,90924,39.125013,-94.625601
820,2:31:30 AM,96.344004,12,70724,39.106234,-94.721585
821,2:31:30 AM,319.854426,9,80824,39.126351,-94.631763
822,2:31:30 AM,285.240875,9,90924,39.125093,-94.625946
823,2:31:40 AM,96.344004,8,70724,39.106203,-94.721228
824,2:31:40 AM,319.854426,10,80824,39.126564,-94.631994
825,2:31:40 AM,285.240875,10,90924,39.125167,-94.626292
826,2:31:50 AM,350.981278,9,70724,39.106286,-94.720999
827,2:31:50 AM,317.013579,10,80824,39.12675,-94.63226
828,2:31:50 AM,92.778507,11,90924,39.125184,-94.626183
829,2:32:00 AM,122.61742,9,70724,39.106222,-94.72069
830,2:32:00 AM,83.420487,9,80824,39.126516,-94.632234
831,2:32:00 AM,92.778507,10,90924,39.12517,-94.625824
832,2:32:10 AM,219.092406,10,70724,39.105981,-94.72061
833,2:32:10 AM,308.408668,8,80824,39.126653,-94.632158
834,2:32:10 AM,106.119565,10,90924,39.1251,-94.625477
835,2:32:20 AM,272.564721,11,70724,39.105936,-94.720936
836,2:32:20 AM,167.302967,9,80824,39.126569,-94.632235
837,2:32:20 AM,122.26814,7,90924,39.125022,-94.625132
838,2:32:30 AM,290.817781,10,70724,39.106032,-94.721272
839,2:32:30 AM,340.681982,9,80824,39.126643,-94.632235
840,2:32:30 AM,122.26814,7,90924,39.124873,-94.624829
841,2:32:40 AM,275.983388,13,70724,39.106073,-94.721626
842,2:32:40 AM,162.256003,8,80824,39.12668,-94.632207
843,2:32:40 AM,122.26814,6,90924,39.124724,-94.624525
844,2:32:50 AM,275.983388,12,70724,39.106102,-94.721983
845,2:32:50 AM,337.337074,8,80824,39.126582,-94.632123
846,2:32:50 AM,123.888216,5,90924,39.12457,-94.624226
847,2:33:00 AM,275.609604,11,70724,39.10613,-94.722341
848,2:33:00 AM,160.2049,12,80824,39.126718,-94.632146
849,2:33:00 AM,117.874894,5,90924,39.124418,-94.623924
850,2:33:10 AM,275.609604,14,70724,39.106157,-94.722699
851,2:33:10 AM,329.240644,8,80824,39.126589,-94.632043
852,2:33:10 AM,117.874894,4,90924,39.124288,-94.623607
853,2:33:20 AM,275.609604,8,70724,39.106184,-94.723056
854,2:33:20 AM,135.793321,9,80824,39.126558,-94.631944
855,2:33:20 AM,113.430628,12,90924,39.124172,-94.62328
856,2:33:30 AM,278.787654,8,70724,39.106225,-94.723412
857,2:33:30 AM,135.793321,9,80824,39.126359,-94.631694
858,2:33:30 AM,113.430628,10,90924,39.124062,-94.62295
859,2:33:40 AM,17.083439,8,70724,39.106291,-94.723719
860,2:33:40 AM,135.922721,10,80824,39.126158,-94.631444
861,2:33:40 AM,102.41665,10,90924,39.123957,-94.622618
862,2:33:50 AM,97.779898,9,70724,39.10631,-94.723394
863,2:33:50 AM,134.875351,11,80824,39.125961,-94.63119
864,2:33:50 AM,102.41665,10,90924,39.123897,-94.622267
865,2:34:00 AM,111.131693,9,70724,39.106273,-94.723039
866,2:34:00 AM,129.002088,10,80824,39.125784,-94.630912
867,2:34:00 AM,108.658298,11,90924,39.123815,-94.621924
868,2:34:10 AM,95.535304,10,70724,39.106185,-94.722704
869,2:34:10 AM,120.380731,13,80824,39.125639,-94.630606
870,2:34:10 AM,3.229713,9,90924,39.123856,-94.621696
871,2:34:20 AM,83.211614,11,70724,39.106178,-94.722347
872,2:34:20 AM,104.493198,12,80824,39.125523,-94.630279
873,2:34:20 AM,277.41306,10,90924,39.123956,-94.621954
874,2:34:30 AM,94.783766,10,70724,39.106167,-94.721989
875,2:34:30 AM,104.493198,11,80824,39.125454,-94.629931
876,2:34:30 AM,273.177116,9,90924,39.123976,-94.622312
877,2:34:40 AM,95.8686,10,70724,39.106143,-94.721631
878,2:34:40 AM,98.991552,14,80824,39.12541,-94.629577
879,2:34:40 AM,292.430886,10,90924,39.124051,-94.622653
880,2:34:50 AM,111.822794,7,70724,39.106108,-94.721276
881,2:34:50 AM,98.226238,8,80824,39.125369,-94.629221
882,2:34:50 AM,292.430886,10,90924,39.124158,-94.622985
883,2:35:00 AM,103.24675,7,70724,39.106022,-94.720935
884,2:35:00 AM,198.897653,8,80824,39.125251,-94.629122
885,2:35:00 AM,292.430886,11,90924,39.124264,-94.623317
886,2:35:10 AM,346.702894,6,70724,39.106062,-94.720659
887,2:35:10 AM,207.952433,8,80824,39.125004,-94.629287
888,2:35:10 AM,292.430886,12,90924,39.12437,-94.62365
889,2:35:20 AM,278.214608,5,70724,39.106119,-94.720985
890,2:35:20 AM,35.277785,9,80824,39.124895,-94.629348
891,2:35:20 AM,309.540685,8,90924,39.124506,-94.623959
892,2:35:30 AM,279.637644,5,70724,39.10616,-94.721341
893,2:35:30 AM,70.000254,9,80824,39.125003,-94.629043
894,2:35:30 AM,309.540685,9,90924,39.124684,-94.624236
895,2:35:40 AM,268.147287,4,70724,39.10619,-94.721696
896,2:35:40 AM,267.187643,10,80824,39.124991,-94.62889
897,2:35:40 AM,305.831775,8,90924,39.124861,-94.624513
898,2:35:50 AM,275.998348,12,70724,39.1062,-94.722055
899,2:35:50 AM,240.107993,11,80824,39.124885,-94.629216
900,2:35:50 AM,305.831775,7,90924,39.125024,-94.624804
901,2:36:00 AM,239.558625,10,70724,39.106164,-94.722394
902,2:36:00 AM,26.239052,10,80824,39.124804,-94.629291
903,2:36:00 AM,292.593504,8,90924,39.125152,-94.625121
904,2:36:10 AM,228.468449,10,70724,39.106016,-94.722697
905,2:36:10 AM,179.386224,10,80824,39.124845,-94.629046
906,2:36:10 AM,277.575709,9,90924,39.125232,-94.625462
907,2:36:20 AM,84.150206,10,70724,39.10603,-94.722382
908,2:36:20 AM,287.211567,7,80824,39.124744,-94.629245
909,2:36:20 AM,277.575709,9,90924,39.125269,-94.625818
910,2:36:30 AM,84.150206,11,70724,39.106058,-94.722025
911,2:36:30 AM,241.038886,7,80824,39.124847,-94.62906
912,2:36:30 AM,277.575709,9,90924,39.125306,-94.626175
913,2:36:40 AM,84.150206,9,70724,39.106086,-94.721667
914,2:36:40 AM,145.903179,6,80824,39.124777,-94.629073
915,2:36:40 AM,273.951947,8,90924,39.125326,-94.626533
916,2:36:50 AM,84.150206,10,70724,39.106115,-94.72131
917,2:36:50 AM,46.392054,5,80824,39.124876,-94.628955
918,2:36:50 AM,253.658156,9,90924,39.125275,-94.626882
919,2:37:00 AM,84.150206,9,70724,39.106143,-94.720952
920,2:37:00 AM,303.599774,5,80824,39.124935,-94.628714
921,2:37:00 AM,278.526019,11,90924,39.12525,-94.627231
922,2:37:10 AM,105.613206,10,70724,39.106082,-94.720605
923,2:37:10 AM,343.594542,4,80824,39.124898,-94.629016
924,2:37:10 AM,274.236169,8,90924,39.125288,-94.627587
925,2:37:20 AM,115.254746,10,70724,39.105986,-94.72027
926,2:37:20 AM,130.969375,12,80824,39.124953,-94.628705
927,2:37:20 AM,274.236169,8,90924,39.125308,-94.627945
928,2:37:30 AM,97.804874,11,70724,39.105935,-94.719921
929,2:37:30 AM,105.554569,10,80824,39.124833,-94.62839
930,2:37:30 AM,274.236169,8,90924,39.125329,-94.628304
931,2:37:40 AM,97.804874,12,70724,39.105897,-94.719565
932,2:37:40 AM,105.554569,10,80824,39.124758,-94.628044
933,2:37:40 AM,274.236169,8,90924,39.125349,-94.628662
934,2:37:50 AM,280.044778,8,70724,39.105905,-94.719355
935,2:37:50 AM,101.033623,10,80824,39.124684,-94.627698
936,2:37:50 AM,202.287077,9,90924,39.125362,-94.629014
937,2:38:00 AM,280.587085,9,70724,39.105939,-94.719712
938,2:38:00 AM,101.033623,11,80824,39.12463,-94.627345
939,2:38:00 AM,90.07954,10,90924,39.125255,-94.62886
940,2:38:10 AM,273.851893,8,70724,39.105974,-94.720067
941,2:38:10 AM,6.600771,9,80824,39.124833,-94.627166
942,2:38:10 AM,90.07954,10,90924,39.125255,-94.628501
943,2:38:20 AM,277.207056,7,70724,39.105982,-94.720425
944,2:38:20 AM,31.244649,8,80824,39.125085,-94.627014
945,2:38:20 AM,104.663571,9,90924,39.125187,-94.628153
946,2:38:30 AM,195.917248,8,70724,39.105924,-94.720722
947,2:38:30 AM,196.631385,7,80824,39.125157,-94.6271
948,2:38:30 AM,93.27576,8,90924,39.125143,-94.6278
949,2:38:40 AM,94.935982,9,70724,39.105894,-94.720402
950,2:38:40 AM,209.185599,8,80824,39.1249,-94.627234
951,2:38:40 AM,80.601089,9,90924,39.125128,-94.627441
952,2:38:50 AM,95.860406,9,70724,39.105867,-94.720044
953,2:38:50 AM,272.483443,9,80824,39.124705,-94.627434
954,2:38:50 AM,80.601089,9,90924,39.125174,-94.627087
955,2:39:00 AM,95.860406,9,70724,39.105839,-94.719687
956,2:39:00 AM,285.38495,9,80824,39.124755,-94.627785
957,2:39:00 AM,182.518098,8,90924,39.125095,-94.626826
958,2:39:10 AM,95.860406,8,70724,39.10581,-94.719329
959,2:39:10 AM,285.38495,9,80824,39.124829,-94.628132
960,2:39:10 AM,182.518098,8,90924,39.124817,-94.626842
961,2:39:20 AM,103.47299,9,70724,39.105774,-94.718973
962,2:39:20 AM,285.38495,8,80824,39.124903,-94.628478
963,2:39:20 AM,182.518098,12,90924,39.124538,-94.626857
964,2:39:30 AM,95.856303,11,70724,39.105711,-94.718626
965,2:39:30 AM,335.763144,8,80824,39.125044,-94.628784
966,2:39:30 AM,182.518098,8,90924,39.12426,-94.626873
967,2:39:40 AM,92.68312,8,70724,39.10569,-94.718268
968,2:39:40 AM,208.947074,8,80824,39.124971,-94.62905
969,2:39:40 AM,182.518098,9,90924,39.123981,-94.626889
970,2:39:50 AM,96.524225,8,70724,39.105669,-94.71791
971,2:39:50 AM,138.871611,8,80824,39.12473,-94.628908
972,2:39:50 AM,81.274933,9,90924,39.123982,-94.626582
973,2:40:00 AM,94.701127,8,70724,39.105641,-94.717552
974,2:40:00 AM,100.235477,9,80824,39.124649,-94.628577
975,2:40:00 AM,81.274933,10,90924,39.124007,-94.626378
976,2:40:10 AM,94.869254,8,70724,39.105618,-94.717194
977,2:40:10 AM,104.766551,10,80824,39.124586,-94.628227
978,2:40:20 AM,90.630744,9,70724,39.105606,-94.716836
979,2:40:20 AM,103.812734,10,80824,39.124515,-94.627879
980,2:40:30 AM,98.505617,10,70724,39.105586,-94.716478
981,2:40:30 AM,103.812734,9,80824,39.124449,-94.62753
982,2:40:40 AM,90.719853,10,70724,39.105563,-94.71612
983,2:40:40 AM,88.998227,8,80824,39.124443,-94.627176
984,2:40:50 AM,91.282485,9,70724,39.105559,-94.715761
985,2:40:50 AM,305.184518,9,80824,39.124653,-94.627128
986,2:41:00 AM,93.127279,8,70724,39.105545,-94.715402
987,2:41:00 AM,179.580261,9,80824,39.124552,-94.627031
988,2:41:10 AM,95.013068,9,70724,39.105528,-94.715043
989,2:41:10 AM,257.406478,8,80824,39.124376,-94.627258
990,2:41:20 AM,95.013068,9,70724,39.105504,-94.714685
991,2:41:20 AM,284.570232,8,80824,39.1244,-94.627606
992,2:41:30 AM,102.055083,8,70724,39.10545,-94.714333
993,2:41:30 AM,284.570232,12,80824,39.12447,-94.627954
994,2:41:40 AM,81.881009,8,70724,39.105504,-94.713988
995,2:41:40 AM,284.570232,8,80824,39.124541,-94.628302
996,2:41:50 AM,73.028588,12,70724,39.105557,-94.713636
997,2:41:50 AM,284.570232,9,80824,39.124611,-94.62865
998,2:42:00 AM,79.834925,8,70724,39.105614,-94.713285
999,2:42:00 AM,311.493828,9,80824,39.124716,-94.628978
1000,2:42:10 AM,79.834925,9,70724,39.105663,-94.712931
1001,2:42:10 AM,112.980904,10,80824,39.124654,-94.629068
1002,2:42:20 AM,79.834925,9,70724,39.105712,-94.712577
1003,2:42:20 AM,110.1601,11,80824,39.124548,-94.628736
1004,2:42:30 AM,82.758031,10,70724,39.105754,-94.712222
1005,2:42:30 AM,110.1601,10,80824,39.124452,-94.628399
1006,2:42:40 AM,82.758031,11,70724,39.105789,-94.711866
1007,2:42:40 AM,107.356371,13,80824,39.124363,-94.628058
1008,2:42:50 AM,82.758031,10,70724,39.105824,-94.711509
1009,2:42:50 AM,124.592948,12,80824,39.124262,-94.627727
1010,2:43:00 AM,79.241167,13,70724,39.105871,-94.711155
1011,2:43:00 AM,105.53494,11,80824,39.12417,-94.627391
1012,2:43:10 AM,79.241167,12,70724,39.105923,-94.710802
1013,2:43:10 AM,105.53494,14,80824,39.124095,-94.627045
1014,2:43:20 AM,79.241167,11,70724,39.105975,-94.710449
1015,2:43:20 AM,359.370967,8,80824,39.124256,-94.626932
1016,2:43:30 AM,79.241167,14,70724,39.106012,-94.7102
1017,2:43:30 AM,0.251884,8,80824,39.124534,-94.626946
1018,2:43:40 AM,0.251884,8,80824,39.124813,-94.626945
1019,2:43:50 AM,179.533353,9,80824,39.125007,-94.626963
1020,2:44:00 AM,179.533353,9,80824,39.124728,-94.62696
1021,2:44:10 AM,179.533353,10,80824,39.124449,-94.626957
1022,2:44:20 AM,182.565219,11,80824,39.124171,-94.626948
1023,2:44:30 AM,344.75335,10,80824,39.124273,-94.626983
1024,2:44:40 AM,280.238436,10,80824,39.124332,-94.627326
1025,2:44:50 AM,104.307365,7,80824,39.124356,-94.627112
1026,2:45:00 AM,359.577288,7,80824,39.124513,-94.626991
1027,2:45:10 AM,359.577288,6,80824,39.124792,-94.626994
1028,2:45:20 AM,7.113553,5,80824,39.12507,-94.626987
1029,2:45:30 AM,208.423838,5,80824,39.124847,-94.627136
1030,2:45:40 AM,9.206248,4,80824,39.12478,-94.627119
1031,2:45:50 AM,352.687471,12,80824,39.125035,-94.627017
1032,2:46:00 AM,204.229461,10,80824,39.124905,-94.627159
1033,2:46:10 AM,60.186737,10,80824,39.124667,-94.627255
1034,2:46:20 AM,15.89442,10,80824,39.124814,-94.627074
1035,2:46:30 AM,193.965949,11,80824,39.124775,-94.627041
1036,2:46:40 AM,176.953256,9,80824,39.124496,-94.627036
1037,2:46:50 AM,145.648829,10,80824,39.124247,-94.626907
1038,2:47:00 AM,145.648829,9,80824,39.124017,-94.626704
1039,2:47:10 AM,145.648829,10,80824,39.123955,-94.62665
